{
  "GOLD2": [
    {
      "itemheader": "Why should I opt for Aegon Life Group Term Plus Insurance Plan?",
      "itembody": "Aegon Life Group Term Plus Insurance Plan (138N062V0) provides comprehensive protection to You against Death and Accidental Dismemberment at nominal monthly cost without any medicals or additional documentation."
    },
    {
      "itemheader": "How does the Plan works?",
      "itembody": " <ul> This Plan is exclusively offered to MobiKwik (Master Policy Holder) customers where You (Member) can choose any cover amountfrom below options <table><tr><th>Death Benefit Sum assured (Life cover)(Rs.)</th><th>Accidental Dismemberment Sum Assured (Accidental dismemberment cover) (Rs.)</th><th>Monthly Premium Inclusive of taxes (Rs.)</th></tr><tr><td>1 Lakh</td><td>1 Lakh</td><td>20</td></tr><tr><td>1.5 Lakh</td><td>1.5 Lakh</td><td>30</td></tr><tr><td>2 Lakh</td><td>2 Lakh</td><td>40</td></tr></table></ul> "
    },
    {
      "itemheader": "What are the benefits under the plan?",
      "itembody": "<ul> <li> Basis the Sum Assured Opted by You (Life Assured) Aegon Life Group Term Plus Insurance Plan provides a Lump Sum amount to Your Nominee in case of Accidental Dismemberment and/or Death of the Life Assured.</li><li>Eg. If Mr.Rohan has opted for Life Cover of Rs.2Lakh& Accidental Dismemberment cover of Rs. 2 lakhs by paying monthly premium of Rs.40.<ul> <li>In case Accidental Dismemberment of Mr.Rohan, his family will be paid a Lump Sum amount of  Rs.2Lakh and the policy  will continue with the death benefit.</li> <li>In case of unfortunate Death of Mr.Rohan, his family will receive Rs.2Lakhs and the policy will terminate.</li> </ul> </li></ul>"
    },
    {
      "itemheader": "What do we mean by Accidental Dismemberment?",
      "itembody": "<ul> <li>Accidental Dismemberment is defined as dismemberment and/or loss of one or more limbs of the life insured/member as a result of an Accident where it occurs within 180 days of accident.</li><li>On valid claim, 100% of the Accidental Dismemberment Sum Assured will be payable as lump sum benefit.The claim due to Accidental Dismemberment, where dismemberment happens within 180 days of occurrence of the accident but beyond the coverage term, will be honored.</li> <li>On payment of the above benefit, the dismemberment benefit shall cease, however the Death Cover will continue</li></ul>"
    },
    {
      "itemheader": "What do I receive on Maturity? Are there any Survival Benefits in the Plan?",
      "itembody": "<ul> <li>There is no Maturity Benefit or any kind of Survival Benefits payable to You on coverage expiry date of the plan.</li></ul>"
    },
    {
      "itemheader": "What will I get as proof of Insurance?",
      "itembody": "<ul><li>You will receive Certificate of Insurance (COI) on your registered email addressed shared at the time of purchase.</li> </ul>"
    },
    {
      "itemheader": " What if I am not happy with the product and benefits offered?",
      "itembody": "<ul><li>In case if You are not happy with the offered product benefits,you can cancel the policy using Surrender/Cancel option available in the iAssist within 30 days from the Risk Commencement Date as mentioned on Certificate of Insurance and we will refund the premiums paid subject to a deduction of a proportionate risk premium for the period of risk cover</li></ul>"
    },
    {
      "itemheader": "How do I Pay Monthly due Premiums?",
      "itembody": "<ul><li>Monthly due premiums are payable via MobiKwik on the due dates as specified in the Schedule. If the Premium due is not received in full by end of Grace Period, the Insured Member's coverage shall automatically lapse without any value at the end of Grace Period.</li>  </ul>"
    },
    {
      "itemheader": "What is the Grace Period for paying due premiums?",
      "itembody": "<ul><li>You will have a grace period of 15 days from the premium due date for paying your due premiums.</li></ul>"
    },
    {
      "itemheader": "What happens in case I do not pay the due premiums?",
      "itembody": "<ul><li>In case due premiums are not paid till the end of the grace period, your policy will terminate without any benefit at the end of the grace period.</li></ul>"
    },
    {
      "itemheader": "What is the eligibility criteria for purchasing the plan?",
      "itembody": "<ul><li>MobiKwik Member aged between 18 years last birthday to 50 years last birthday.</li></ul>"
    },
    {
      "itemheader": " When will my Policy Terminate?",
      "itembody": "<ul><li>Your(Insured Member's coverage) under the Policy shall immediately and automaticallyterminate on the occurrence of the first of the following events:<ul><li>The Coverage Expiry Date</li><li>The Insured Member ceases to fulfill any of the eligibility criteria</li><li>The Insured Member ceases to be a Member of the Group, unless it is agreed to continue the cover till the end of the period of cover</li><li>The Insured Member's death.</li><li>The date on which the Insured Member's coverage lapses due to nonpayment of due premium</li><li>Written request by the Master Policyholder to discontinue the policy withat least 30 days prior notice</li></ul></li></ul>"
    },
    {
      "itemheader": " What are the exclusions under the Plan?",
      "itembody": "<ul><li>Exclusions under Accidental Dismemberment Benefit The life assured will not be entitled to the accidental dismemberment benefits directly or indirectly due to or caused, occasioned, accelerated or aggravated by any of the following:<ul><li>Suicide or  selfinflicted injury, whether the life assured is medically sane or insane.</li><li>War, terrorism, invasion, act of foreign enemy, hostilities, civil war, law, rebellion, revolution, insurrection,military or usurper power, riot or civil commotion. War means any war whether declared or not. Taking part in any naval, military or air force operation during peace time.</li><li>Committing an assault, a criminal offence, an illegal activity or any breach of law with criminal intent.</li><li>Taking or absorbing, accidentally or otherwise, any intoxicating liquor, drug, narcotics, medicine, sedative, poison or psychotropic substances, unless taken in accordance with the lawful directions and prescription of a registered medical practitioner.</li><li>Inhaling any gas or fumes, accidentally or otherwise, except accidentally in the course of duty. The intent under this exclusion is to exclude accidental gas/fumes leak incidents which could lead to exposing the population to such toxic gas/fumes and lead to deaths (like Bhopal Gas Tragedy). However, if the incidence happens as part of the life assured's job then the claim is payable.</li><li>Participation in aviation other than as a farepaying passenger in an aircraft that is authorized by the relevant regulations to carry such passengers between established aerodromes.</li><li>Taking part in professional sport(s) or any adventurous pursuits or hobbies. 'Adventurous Pursuits or Hobbies' includes any kind of racing (other than on foot or swimming), potholing, rock climbing (except on manmade walls), hunting, mountaineering or climbing requiring the use of ropes or guides, any underwater activities involving the use of underwater breathing apparatus including deep sea diving, sky diving, cliff diving, bungee jumping, paragliding, hand gliding and parachuting.</li></ul></li><li>Suicide Exclusions:<ul><li>If death occurs due to suicide within 12 months from the Date of Commencement of Member coverage or within 12 months from the date of revival of the Member coverage, the death benefit is refund of 80% of the premium(s) paid (excluding taxes) provided the Insured Member's coverage(s) is/are In Force.</li></ul></li></ul>"
    },
    {
      "itemheader": " Can I add more than one Nominee for this policy?",
      "itembody": "<ul><li>No, you can only replace or correct the existing Nominee details eg. Name, Email, Mobile Number and Relationship by using Add/Update Nominee option available in the iAssist.</li><li>The nominee age should be between 18 and 99 years.</li></ul>"
    },
    {
      "itemheader": "Can I update or correct my personal details?",
      "itembody": "<ul><li>You can update or correct your contact details by using Update Mobile and Update Email address option available in the iAssist.You may be asked to validate or provide few details if required.</li><li>No changes are allowed for any changes in name,gender and date of birth.</li></ul>"
    },
    {
      "itemheader": "Can I change policy cover amount, policy term or premium payment frequency after I purchased the policy?",
      "itembody": "<ul><li>No changes are allowed for any changes in policy cover, policy term and premium payment frequency, once purchased.</li></ul>"
    },
    {
      "itemheader": " Will I get a copy of my policy certificate after purchase, renewal or any changes in my contact details or nominee details?",
      "itembody": "<ul><li>Yes,you will get a copy of policy certificate on your registered emailID. Alternatively,you can also download it through the App from where you have purchased the policy.</li></ul>"
    },
    {
      "itemheader": "How my policy will be renewed?",
      "itembody": "<ul><li>In case you have opted for auto debit facility,the policy will be renewed automatically every month as per renewal due date.</li><li>In case you have not opted for auto debit facility,you can renew your policy by logging into the App and making a payment using your bank account,credit card or ewallet.</li><li>You will get notifications on your App for your renewal around the due date.We urge you not to uninstall the App as you may miss the notifications.</li></ul>"
    }
  ],
  "MBK-0002": [
    {
      "itemheader": "Why should I opt for Aegon Life Group Term Plus Insurance Plan? ",
      "itembody": "Aegon Life Group Term Plus Insurance Plan (138N062V01) provides comprehensive protection to You against Death, Accidental Death, Accidental Dismemberment at nominal annual cost without any medicals or additional documentation."
    },
    {
      "itemheader": "How does the Plan works?",
      "itembody": " <ul>This Plan is exclusively offered to MobiKwik (Master Policy Holder)Boost Loan customers, where You (Member) can opt forSum Assured (Life Cover) equivalent to Your sanctioned Loan Amount.<br>Eg : If Mr. Anil, Age 30 Years has taken loan amount of Rs.1 Lakh under Boost Loan, he can secure his loan by opting for comprehensive protection against Death, Accidental Death and Accidental Dismemberment for Sum Assured equivalent to Loan amount.<table> <tr> <th>Benefits</th> <th>Sum Assured (Rs.)</th> <th>Annual Premium Exclusive of GST (Rs.)</th> <th>Total Premium (Inclusive of GST) (Rs)</th> </tr> <tr> <td>Death Benefit</td> <td>1 Lakh</td> <td>162</td> <td rowspan='3'>485</td> </tr> <tr> <td>Accidental Dismemberment</td> <td>1 Lakh</td> <td>137</td> </tr> <tr> <td>Accidental Death Benefit</td> <td>1 Lakh</td> <td>186</td> </tr> </table> </ul> "
    },
    {
      "itemheader": "How do I pay the premium?",
      "itembody": "<ul> <li>Once your loan is sanctioned, you can take the disbursement in any installments. You can opt to secure your complete sanctioned loan amount in any of the disbursement. Respective premium amount will be deducted from the disbursed amount.<ul> <li>Eg. If Mr. Anil is Sanctioned Loan Amount of Rs.1Lakh, and he takes the 1st Disbursement of Rs.50,000. If Mr. Anil Opts to Secure the sanctioned loan amount premium amount of Rs.485 (as explained in above example) will be deducted and amount of Rs.49,515 will be disbursed. </li><li>ii.  No premium will be deducted from the next disbursed amount.</li> </ul> </li> </ul>"
    },
    {
      "itemheader": "What are the benefits under the plan?",
      "itembody": "<ul> <li>a.  Basis the Sum Assured Opted by You (Life Assured), Aegon Life Group Term Plus Insurance Plan provides a Lump Sum amount to Your Nominee in case of Accidental Dismemberment and/or Death/Accidental Death of the Life Assured.</li> <ul> <li>Eg. If Mr.Anil has opted for Sum Assured of Rs.1Lakh<ul> <li>In case Accidental Dismemberment of  Mr.Anil, he will be paid a Lump Sum amount of Rs.1 Lakh and the policy will continue with both Death Benefit and Accidental Death benefit</li> <li>In case of unfortunate Death of Mr.Anil, his family will receive Rs.1 Lakh and the policy will terminate.</li> <li>In case of unfortunate Death of Mr.Anil due to accident, his family will receive Rs.2Lakhs (Death Benefit of Rs.1 Lakhs and Accidental Death Benefit of Rs.1Lakh) and the policy will terminate.</li> </ul> </ul> "
    },
    {
      "itemheader": "If I have more than 1 boost loan from MobiKwik can I purchase more than 1 policy?",
      "itembody": "<ul> <li>Yes, You can purchase more than 1 policy, through Mobikwik, however, the maximum Sum Assured payable at the time of claim will be restricted to INR 500,000/- each for Death benefit, Accidental Death Benefit and Accidental Dismemberment benefit respectively.</li> </ul>"
    },
    {
      "itemheader": "What do we mean by Accidental Dismemberment?",
      "itembody": "<ul> <li>Accidental Dismemberment is defined as dismemberment and/or loss of one or more limbs of the life insured/member as a result of an Accident where it occurs within 180 days of accident. </li> <li>On valid claim, 100% of the Accidental Dismemberment Sum Assured will be payable as lump sum benefit.The claim due to Accidental Dismemberment, where dismemberment happens within 180 days of occurrence of the accident but beyond the coverage term, will be honored.</li> <li>On payment of the above benefit, the dismemberment benefit shall cease, however the Death Cover will continue</li> </ul>"
    },
    {
      "itemheader": "How is  Accidental Death Benefit paid and what are conditions?",
      "itembody": "<ul><li>On accidental death, 100% Accidental Death Benefit Sum Assured is paid in addition to the Death Benefit Sum Assured.</li> <li>The death must occur either immediately or within 180 days from the date of the Accident. The claim due to Accidental death, where death happens within 180 days of occurrence of the accident butbeyond the coverage term, will be honored. </li> <li>On payment of the above benefit, the plan benefitshall cease and no further benefits are payable.</li> </ul>"
    },
    {
      "itemheader": "What do I receive on Maturity? Are there any Survival Benefits in the Plan?",
      "itembody": "<ul> <li>There is no Maturity Benefit or any kind of Survival Benefits payable to You on coverage expiry date of the plan.</li> </ul>"
    },
    {
      "itemheader": "What will I get as proof of Insurance?",
      "itembody": "<ul> <li>Certificate of Insurance (COI) will be available in your MobiKwik Wallet</li> </ul>"
    },
    {
      "itemheader": "What if I am not happy with the product and benefits offered?",
      "itembody": "<ul> <li>a.  In case if you are not happy with the offered product benefits, you can cancel the policy using Surrender/Cancel option available in the iAssist within 30 days from the date you receive the Certificate of Insurance and we will refund the premiums paid subject to a deduction of a proportionate risk premium for the period of risk cover.</li></ul>"
    },
    {
      "itemheader": "What is the eligibility criteria for purchasing the plan?",
      "itembody": "<ul> <li>MobiKwikBoost Loan customers aged between 18 years last birthday to 50 years last birthday are eligible to purchase this plan.</li></ul>"
    },
    {
      "itemheader": "When will my Policy Terminate?",
      "itembody": "<ul> <li>Your(Insured Member’s coverage) under the Policy shall immediately and automaticallyterminate on the occurrence of the first of the following events: <ul> <li>The Coverage Expiry Date</li> <li>The Insured Member ceases to fulfill any of the eligibility criteria</li> <li>The Insured Member’s death.</li> <li>Written request by the Master Policyholder to discontinue the policy withat least 30 days prior notice</li> </ul> </li> </ul>"
    },
    {
      "itemheader": "What are the exclusions under the Plan?",
      "itembody": "<ul> <li>Exclusions under Accidental Death /Accidental Dismemberment Benefit  <ul> <li>The life assured will not be entitled to the Accidental Death / Accidental Dismemberment Benefits directly or indirectly due to or caused, occasioned, accelerated or aggravated by any of the following:<ul><li>Suicide or self-inflicted injury, whether the life assured is medically sane or insane</li><li>War, terrorism, invasion, act of foreign enemy, hostilities, civil war, martial law, rebellion, revolution, insurrection, military or usurper power, riot or civil commotion. War means any war whether declared or not. Taking part in any naval, military or air force operation during peace time. </li><li>Committing an assault, a criminal offence, an illegal activity or any breach of law with criminal intent. </li><li>Taking or absorbing, accidentally or otherwise, any intoxicating liquor, drug, narcotics, medicine, sedative, poison or psychotropic substances, unless taken in accordance with the lawful directions and prescription of a registered medical practitioner. </li><li>Inhaling any gas or fumes, accidentally or otherwise, except accidentally in the course of duty. The intent under this exclusion is to exclude accidental gas/fumes leak incidents which could lead to exposing the population to such toxic gas/fumes and lead to deaths (like Bhopal Gas Tragedy). However, if the incidence happens as part of the life assured’s job then the claim is payable. </li><li>Participation in aviation other than as a fare-paying passenger in an aircraft that is authorized by the relevant regulations to carry such passengers between established aerodromes. </li><li>Taking part in professional sport(s) or any adventurous pursuits or hobbies. “Adventurous Pursuits or Hobbies” includes any kind of racing (other than on foot or swimming), potholing, rock climbing (except on man-made walls), hunting, mountaineering or climbing requiring the use of ropes or guides, any underwater activities involving the use of underwater breathing apparatus including deep sea diving, sky diving, cliff diving, bungee jumping, paragliding, hand gliding and parachuting.</li></ul></li> <li>b. Suicide Exclusions:<ul><li>If death occurs due to suicide within 12 months from the Date of Commencement of Member coverage or within 12 months from the date of revival of the Member coverage, the death benefit is refund of 80% of the premium(s) paid (excluding taxes) provided the Insured Member’s coverage(s) is/are In Force.</li></ul></li> </ul> </li> </ul>"
    },
    {
      "itemheader": "Can I add more than one Nominee for this policy? ",
      "itembody": "<ul><li>No, you can only replace or correct the existing Nominee details eg. Name, Age, Gender and Relationship by using Add/Update Nominee option available in the iAssist.</li><li>The nominee age should be between 18 and 99 years.</li> </ul>"
    },
    {
      "itemheader": "Can I update or correct my personal details?",
      "itembody": "<ul><li>You can update or correct your contact details by using Update Mobile and Update Email address option available in the iAssist. You may be asked to validate or provide few details if required.</li><li>No changes are allowed for any changes in name, gender and date of birth.</li> </ul>"
    },
    {
      "itemheader": "Can I change policy cover amount, policy term or premium payment frequency after I purchased the policy?",
      "itembody": "<ul> <li>No changes are allowed for any changes in policy cover, policy term and premium payment frequency, once purchased.</li> </ul>"
    },
    {
      "itemheader": "Will I get a copy of my policy certificate after purchase or any changes in my contact details or nominee details?",
      "itembody": "<ul> <li>Yes, you will get a copy of policy certificate on your registered email ID. Alternatively, you can also download it through the App from where you have purchased the policy.</li></ul>"
    }
  ],
  "MBK-0003": [
    {
      "itemheader": "Why should I opt for Aegon Life Group Term Plus Insurance Plan? ",
      "itembody": "Aegon Life Group Term Plus Insurance Plan (138N062V01) provides comprehensive protection to You against Death at nominal annual cost without any medicals or additional documentation."
    },
    {
      "itemheader": "How does the Plan works?",
      "itembody": " <ul>This Plan is exclusively offered to MobiKwik (Master Policy Holder) customers, where You (Member) can choose any cover amount from below options.<table> <tr> <th>Death Benefit Sum Assured (Life cover) (Rs.)</th> <th>Annual Premium Inclusive of taxes (Rs.)</th> </tr> <tr><td>1 Lakh</td> <td>148</td></tr> <tr> <td>2 Lakh</td> <td>295</td> </tr> <tr><td>3 Lakh</td> <td>443</td> </tr> <tr><td>5 Lakh</td> <td>738</td> </tr></table> </ul> "
    },
    {
      "itemheader": "What are the benefits under the plan?",
      "itembody": "<ul> <li>Basis the Sum Assured Opted by You (Life Assured), Aegon Life Group Term Plus Insurance Plan provides a Lump Sum amount to Your Nominee in case of Death of the Life Assured.</li><li>Eg. If Mr. Anil has opted for Life Cover of Rs.2 Lakh by paying annual premium of Rs. 295. In case of unfortunate death of Mr.Anil, his family will receive Rs.2 Lakhs and the policy will terminate.</li></ul>"
    },
    {
      "itemheader": "What do I receive on Maturity? Are there any Survival Benefits in the Plan?",
      "itembody": "<ul> <li>There is no Maturity Benefit or any kind of Survival Benefits payable to You on coverage expiry date of the plan.</li></ul> "
    },
    {
      "itemheader": "What will I get as proof of Insurance?  ",
      "itembody": "<ul> <li>You will receive Certificate of Insurance (COI) on your registered e-mail address shared at the time of purchase.</li> </ul>"
    },
    {
      "itemheader": "What if I am not happy with the product and benefits offered?",
      "itembody": "<ul> <li>In case if You are not happy with the offered product benefits, You can reach back to us within 30 days from the date you receive the Certificate of Insurance and we will refund the premiums paid subject to a deduction of a proportionate risk premium for the period of risk cover.</li> </ul>"
    },
    {
      "itemheader": "What is the eligibility criteria for purchasing the plan?",
      "itembody": "<ul><li>MobiKwik Member aged between 18 years last birthday to 50 years last birthday.</li> </ul>"
    },
    {
      "itemheader": "When will my Policy Terminate?",
      "itembody": "<ul> <li>Your(Insured Member’s coverage) under the Policy shall immediately and automatically terminate on the occurrence of the first of the following events:<ul><li>The Coverage Expiry Date</li><li>The Insured Member ceases to fulfill any of the eligibility criteria</li><li> The Insured Member’s death.</li><li>Written request by the Master Policyholder to discontinue the policy with at least 30 days prior notice</li></ul></li> </ul>"
    },
    {
      "itemheader": "What are the exclusions under the Plan?",
      "itembody": "<ul> <li>Suicide Exclusions:<ul><li>If death occurs due to suicide within 12 months from the Date of Commencement of Member coverage or within 12 months from the date of revival of the Member coverage, the death benefit is refund of 80% of the premium(s) paid (excluding taxes) provided the Insured Member’s coverage(s) is/are In Force.</li> </ul></li></ul>"
    },
    {
      "itemheader": "Can I add more than one Nominee for this policy? ",
      "itembody": "<ul> <li>No, you can only replace or correct the existing Nominee details eg. Name, Age, Gender and Relationship by using Add/Update Nominee option available in the iAssist.</li><li>The nominee age should be between 18 and 99 years.</li></ul>"
    },
    {
      "itemheader": "Can I update or correct my personal details?",
      "itembody": "<ul> <li>You can update or correct your contact details by using Update Mobile and Update EMail address option available in the iAssist. You may be asked to validate or provide few details if required.</li><li>No changes are allowed for any changes in name, gender and date of birth.</li></ul>"
    },
    {
      "itemheader": "Can I change policy cover amount, policy term or premium payment frequency after I purchased the policy?",
      "itembody": "<ul> <li>No changes are allowed for any changes in policy cover, policy term and premium payment frequency, once purchased.</li> </ul>"
    },
    {
      "itemheader": "Will I get a copy of my policy certificate after purchase, renewal or any changes in my contact details or nominee details? ",
      "itembody": "<ul> <li>Yes, you will get a copy of policy certificate on your registered email ID. Alternatively, you can also download it through the App from where you have purchased the policy. </li> </ul>"
    }
  ],
    "MBK-0004": [
    {
      "itemheader": "Why should I opt for Aegon Life Group Term Plus Insurance Plan? ",
      "itembody": "Aegon Life Group Term Plus Insurance Plan (138N062V01) provides comprehensive protection to You against Death at nominal annual cost without any medicals or additional documentation."
    },
    {
      "itemheader": "What are the benefits under the plan?",
      "itembody": "<ul> <li>Basis the Sum Assured Opted by You (Life Assured), Aegon Life Group Term Plus Insurance Plan provides a Lump Sum amount to Your Nominee in case of Death of the Life Assured.</li><li>Eg. If Mr. Anil has opted for Life Cover of Rs.2 Lakh by paying therequired premium. In case of unfortunate death of Mr.Anil, his family will receive Rs.2 Lakhs and the policy will terminate.</li></ul>"
    },
    {
      "itemheader": "What do I receive on Maturity? Are there any Survival Benefits in the Plan?",
      "itembody": "<ul> <li>There is no Maturity Benefit or any kind of Survival Benefits payable to You on coverage expiry date of the plan.</li></ul> "
    },
    {
      "itemheader": "What will I get as proof of Insurance?  ",
      "itembody": "<ul> <li>You will receive Certificate of Insurance (COI) on your registered e-mail address shared at the time of purchase.</li> </ul>"
    },
    {
      "itemheader": "What if I am not happy with the product and benefits offered?",
      "itembody": "<ul> <li>In case if You are not happy with the offered product benefits, You can reach back to us within 30 days from the date you receive the Certificate of Insurance and we will refund the premiums paid subject to a deduction of a proportionate risk premium for the period of risk cover.</li> </ul>"
    },
    {
      "itemheader": "When will my Policy Terminate?",
      "itembody": "<ul> <li>Your(Insured Member’s coverage) under the Policy shall immediately and automatically terminate on the occurrence of the first of the following events:<ul><li>The Coverage Expiry Date</li><li>The Insured Member ceases to fulfill any of the eligibility criteria</li><li> The Insured Member’s death.</li><li>Written request by the Master Policyholder to discontinue the policy with at least 30 days prior notice</li></ul></li> </ul>"
    },
    {
      "itemheader": "What are the exclusions under the Plan?",
      "itembody": "<ul> <li>Suicide Exclusions:<ul><li>If death occurs due to suicide within 12 months from the Date of Commencement of Member coverage or within 12 months from the date of revival of the Member coverage, the death benefit is refund of 80% of the premium(s) paid (excluding taxes) provided the Insured Member’s coverage(s) is/are In Force.</li> </ul></li></ul>"
    },
    {
      "itemheader": "Can I add more than one Nominee for this policy? ",
      "itembody": "<ul> <li>No, you can only replace or correct the existing Nominee details eg. Name, Age, Gender and Relationship by using Add/Update Nominee option available in the iAssist.</li><li>The nominee age should be between 18 and 99 years.</li></ul>"
    },
    {
      "itemheader": "Can I update or correct my personal details?",
      "itembody": "<ul> <li>You can update or correct your contact details by using Update Mobile and Update EMail address option available in the iAssist. You may be asked to validate or provide few details if required.</li><li>No changes are allowed for any changes in name, gender and date of birth.</li></ul>"
    },
    {
      "itemheader": "Can I change policy cover amount, policy term or premium payment frequency after I purchased the policy?",
      "itembody": "<ul> <li>No changes are allowed for any changes in policy cover, policy term and premium payment frequency, once purchased.</li> </ul>"
    },
    {
      "itemheader": "Will I get a copy of my policy certificate after purchase, renewal or any changes in my contact details or nominee details? ",
      "itembody": "<ul> <li>Yes, you will get a copy of policy certificate on your registered email ID. Alternatively, you can also download it through iAssist or the App from where you have purchased the policy. </li> </ul>"
    }
  ],
  "PTM-0001": [
    {
      "itemheader": "Why should I opt for Aegon Life Group Term Plus Insurance Plan? ",
      "itembody": "Aegon Life Group Term Plus Insurance Plan (138N062V01) provides comprehensive protection to You against Death at nominal annual cost without any medicals or additional documentation."
    },
    {
      "itemheader": "What are the benefits under the plan?",
      "itembody": "<ul> <li>Basis the Sum Assured Opted by You (Life Assured), Aegon Life Group Term Plus Insurance Plan provides a Lump Sum amount to Your Nominee in case of Death of the Life Assured.</li><li>Eg. If Mr. Anil has opted for Life Cover of Rs.2 Lakh by paying therequired premium. In case of unfortunate death of Mr.Anil, his family will receive Rs.2 Lakhs and the policy will terminate.</li></ul>"
    },
    {
      "itemheader": "What do I receive on Maturity? Are there any Survival Benefits in the Plan?",
      "itembody": "<ul> <li>There is no Maturity Benefit or any kind of Survival Benefits payable to You on coverage expiry date of the plan.</li></ul> "
    },
    {
      "itemheader": "What will I get as proof of Insurance?  ",
      "itembody": "<ul> <li>You will receive Certificate of Insurance (COI) on your registered e-mail address shared at the time of purchase.</li> </ul>"
    },
    {
      "itemheader": "What if I am not happy with the product and benefits offered?",
      "itembody": "<ul> <li>In case if You are not happy with the offered product benefits, You can reach back to us within 30 days from the date you receive the Certificate of Insurance and we will refund the premiums paid subject to a deduction of a proportionate risk premium for the period of risk cover.</li> </ul>"
    },
    {
      "itemheader": "When will my Policy Terminate?",
      "itembody": "<ul> <li>Your(Insured Member’s coverage) under the Policy shall immediately and automatically terminate on the occurrence of the first of the following events:<ul><li>The Coverage Expiry Date</li><li>The Insured Member ceases to fulfill any of the eligibility criteria</li><li> The Insured Member’s death.</li><li>Written request by the Master Policyholder to discontinue the policy with at least 30 days prior notice</li></ul></li> </ul>"
    },
    {
      "itemheader": "What are the exclusions under the Plan?",
      "itembody": "<ul> <li>Suicide Exclusions:<ul><li>If death occurs due to suicide within 12 months from the Date of Commencement of Member coverage or within 12 months from the date of revival of the Member coverage, the death benefit is refund of 80% of the premium(s) paid (excluding taxes) provided the Insured Member’s coverage(s) is/are In Force.</li> </ul></li></ul>"
    },
    {
      "itemheader": "Can I add more than one Nominee for this policy? ",
      "itembody": "<ul> <li>No, you can only replace or correct the existing Nominee details eg. Name, Age, Gender and Relationship by using Add/Update Nominee option available in the iAssist.</li><li>The nominee age should be between 18 and 99 years.</li></ul>"
    },
    {
      "itemheader": "Can I update or correct my personal details?",
      "itembody": "<ul> <li>You can update or correct your contact details by using Update Mobile and Update EMail address option available in the iAssist. You may be asked to validate or provide few details if required.</li><li>No changes are allowed for any changes in name, gender and date of birth.</li></ul>"
    },
    {
      "itemheader": "Can I change policy cover amount, policy term or premium payment frequency after I purchased the policy?",
      "itembody": "<ul> <li>No changes are allowed for any changes in policy cover, policy term and premium payment frequency, once purchased.</li> </ul>"
    },
    {
      "itemheader": "Will I get a copy of my policy certificate after purchase, renewal or any changes in my contact details or nominee details? ",
      "itembody": "<ul> <li>Yes, you will get a copy of policy certificate on your registered email ID. Alternatively, you can also download it through iAssist or the App from where you have purchased the policy. </li> </ul>"
    }
  ],
  "PTM-0002": [
    {
      "itemheader": "Why should I opt for Aegon Life Group Term Plus Insurance Plan? ",
      "itembody": "Aegon Life Group Term Plus Insurance Plan (138N062V01) provides comprehensive protection to You against Death at nominal annual cost without any medicals or additional documentation."
    },
    {
      "itemheader": "What are the benefits under the plan?",
      "itembody": "<ul> <li>Basis the Sum Assured Opted by You (Life Assured), Aegon Life Group Term Plus Insurance Plan provides a Lump Sum amount to Your Nominee in case of Death of the Life Assured.</li><li>Eg. If Mr. Anil has opted for Life Cover of Rs.2 Lakh by paying therequired premium. In case of unfortunate death of Mr.Anil, his family will receive Rs.2 Lakhs and the policy will terminate.</li></ul>"
    },
    {
      "itemheader": "What do I receive on Maturity? Are there any Survival Benefits in the Plan?",
      "itembody": "<ul> <li>There is no Maturity Benefit or any kind of Survival Benefits payable to You on coverage expiry date of the plan.</li></ul> "
    },
    {
      "itemheader": "What will I get as proof of Insurance?  ",
      "itembody": "<ul> <li>You will receive Certificate of Insurance (COI) on your registered e-mail address shared at the time of purchase.</li> </ul>"
    },
    {
      "itemheader": "What if I am not happy with the product and benefits offered?",
      "itembody": "<ul> <li>In case if You are not happy with the offered product benefits, You can reach back to us within 30 days from the date you receive the Certificate of Insurance and we will refund the premiums paid subject to a deduction of a proportionate risk premium for the period of risk cover.</li> </ul>"
    },
    {
      "itemheader": "When will my Policy Terminate?",
      "itembody": "<ul> <li>Your(Insured Member’s coverage) under the Policy shall immediately and automatically terminate on the occurrence of the first of the following events:<ul><li>The Coverage Expiry Date</li><li>The Insured Member ceases to fulfill any of the eligibility criteria</li><li> The Insured Member’s death.</li><li>Written request by the Master Policyholder to discontinue the policy with at least 30 days prior notice</li></ul></li> </ul>"
    },
    {
      "itemheader": "What are the exclusions under the Plan?",
      "itembody": "<ul> <li>Suicide Exclusions:<ul><li>If death occurs due to suicide within 12 months from the Date of Commencement of Member coverage or within 12 months from the date of revival of the Member coverage, the death benefit is refund of 80% of the premium(s) paid (excluding taxes) provided the Insured Member’s coverage(s) is/are In Force.</li> </ul></li></ul>"
    },
    {
      "itemheader": "Can I add more than one Nominee for this policy? ",
      "itembody": "<ul> <li>No, you can only replace or correct the existing Nominee details eg. Name, Age, Gender and Relationship by using Add/Update Nominee option available in the iAssist.</li><li>The nominee age should be between 18 and 99 years.</li></ul>"
    },
    {
      "itemheader": "Can I update or correct my personal details?",
      "itembody": "<ul> <li>You can update or correct your contact details by using Update Mobile and Update EMail address option available in the iAssist. You may be asked to validate or provide few details if required.</li><li>No changes are allowed for any changes in name, gender and date of birth.</li></ul>"
    },
    {
      "itemheader": "Can I change policy cover amount, policy term or premium payment frequency after I purchased the policy?",
      "itembody": "<ul> <li>No changes are allowed for any changes in policy cover, policy term and premium payment frequency, once purchased.</li> </ul>"
    },
    {
      "itemheader": "Will I get a copy of my policy certificate after purchase, renewal or any changes in my contact details or nominee details? ",
      "itembody": "<ul> <li>Yes, you will get a copy of policy certificate on your registered email ID. Alternatively, you can also download it through iAssist or the App from where you have purchased the policy. </li> </ul>"
    }
  ],
  "PTM-0003": [
    {
      "itemheader": "Why should I opt for Aegon Life Group Term Plus Insurance Plan? ",
      "itembody": "Aegon Life Group Term Plus Insurance Plan (138N062V01) provides comprehensive protection to You against Death at nominal annual cost without any medicals or additional documentation."
    },
    {
      "itemheader": "What are the benefits under the plan?",
      "itembody": "<ul> <li>Basis the Sum Assured Opted by You (Life Assured), Aegon Life Group Term Plus Insurance Plan provides a Lump Sum amount to Your Nominee in case of Death of the Life Assured.</li><li>Eg. If Mr. Anil has opted for Life Cover of Rs.2 Lakh by paying therequired premium. In case of unfortunate death of Mr.Anil, his family will receive Rs.2 Lakhs and the policy will terminate.</li></ul>"
    },
    {
      "itemheader": "What do I receive on Maturity? Are there any Survival Benefits in the Plan?",
      "itembody": "<ul> <li>There is no Maturity Benefit or any kind of Survival Benefits payable to You on coverage expiry date of the plan.</li></ul> "
    },
    {
      "itemheader": "What will I get as proof of Insurance?  ",
      "itembody": "<ul> <li>You will receive Certificate of Insurance (COI) on your registered e-mail address shared at the time of purchase.</li> </ul>"
    },
    {
      "itemheader": "What if I am not happy with the product and benefits offered?",
      "itembody": "<ul> <li>In case if You are not happy with the offered product benefits, You can reach back to us within 30 days from the date you receive the Certificate of Insurance and we will refund the premiums paid subject to a deduction of a proportionate risk premium for the period of risk cover.</li> </ul>"
    },
    {
      "itemheader": "When will my Policy Terminate?",
      "itembody": "<ul> <li>Your(Insured Member’s coverage) under the Policy shall immediately and automatically terminate on the occurrence of the first of the following events:<ul><li>The Coverage Expiry Date</li><li>The Insured Member ceases to fulfill any of the eligibility criteria</li><li> The Insured Member’s death.</li><li>Written request by the Master Policyholder to discontinue the policy with at least 30 days prior notice</li></ul></li> </ul>"
    },
    {
      "itemheader": "What are the exclusions under the Plan?",
      "itembody": "<ul> <li>Suicide Exclusions:<ul><li>If death occurs due to suicide within 12 months from the Date of Commencement of Member coverage or within 12 months from the date of revival of the Member coverage, the death benefit is refund of 80% of the premium(s) paid (excluding taxes) provided the Insured Member’s coverage(s) is/are In Force.</li> </ul></li></ul>"
    },
    {
      "itemheader": "Can I add more than one Nominee for this policy? ",
      "itembody": "<ul> <li>No, you can only replace or correct the existing Nominee details eg. Name, Age, Gender and Relationship by using Add/Update Nominee option available in the iAssist.</li><li>The nominee age should be between 18 and 99 years.</li></ul>"
    },
    {
      "itemheader": "Can I update or correct my personal details?",
      "itembody": "<ul> <li>You can update or correct your contact details by using Update Mobile and Update EMail address option available in the iAssist. You may be asked to validate or provide few details if required.</li><li>No changes are allowed for any changes in name, gender and date of birth.</li></ul>"
    },
    {
      "itemheader": "Can I change policy cover amount, policy term or premium payment frequency after I purchased the policy?",
      "itembody": "<ul> <li>No changes are allowed for any changes in policy cover, policy term and premium payment frequency, once purchased.</li> </ul>"
    },
    {
      "itemheader": "Will I get a copy of my policy certificate after purchase, renewal or any changes in my contact details or nominee details? ",
      "itembody": "<ul> <li>Yes, you will get a copy of policy certificate on your registered email ID. Alternatively, you can also download it through iAssist or the App from where you have purchased the policy. </li> </ul>"
    }
  ],
  "GOLD2video": {
    "video": "https://www.youtube.com/embed/0oXilU_n0aw"
  },
  "MBK-0002video": {
    "video": "https://www.youtube.com/embed/vs3b1XwyzVc"
  },
  "MBK-0003video": {
    "video": "https://www.youtube.com/embed/CnQKEmG-uTU"
  },
  "MBK-0004video": {
    "video": "https://www.youtube.com/embed/3-K8DVESDw4"
  },
  "PTM-0001video": {
    "video": "https://www.youtube.com/embed/3-K8DVESDw4"
  },
  "PTM-0002video": {
    "video": "https://www.youtube.com/embed/3-K8DVESDw4"
  },
  "PTM-0003video": {
    "video": "https://www.youtube.com/embed/3-K8DVESDw4"
  }
}
