{
  "index": "/index.html",
  "configVersion": 1,
  "appData": {
    "version": "1.1.0",
    "changelog": "new version updated"
  },
  "assetGroups": [
    {
      "name": "app",
      "installMode": "prefetch",
      "resources": {
        "files": [
          "/favicon.ico",
          "src/robots.txt",
          "/*.css",
          "/*.js"
        ]
      },
      "cacheConfig": {
        "maxSize": 100,
        "maxAge": "10s",
        "timeout": "10s",
        "strategy": "freshness"
      }
    },
    {
      "name": "assets",
      "installMode": "lazy",
      "updateMode": "prefetch",
      "resources": {
        "files": [
          "/assets/**",
          "/*.(eot|svg|cur|jpg|png|webp|gif|otf|ttf|woff|woff2|ani|svg+xml)"
        ]
      },
      "cacheConfig": {
        "maxSize": 100,
        "maxAge": "10s",
        "timeout": "10s",
        "strategy": "freshness"
      }
    }
  ],

  "dataGroups": [{
    "name": "desktop",
    "urls": [
      "home",
      "login",
      "feedback",
      "nominee",
      "surrenderpolicy",
      "EmailupdateComponent",
      "trackrequest"
    ],
    "cacheConfig": {
      "maxSize": 100,
      "maxAge": "1d",
      "timeout": "10s",
      "strategy": "freshness"
    }
  }, {
    "name": "mobile",
    "urls": [
      "home",
      "login",
      "feedback",
      "nominee",
      "surrenderpolicy",
      "EmailupdateComponent",
      "trackrequest"
    ],
    "cacheConfig": {
      "maxSize": 100,
      "maxAge": "1d",
      "strategy": "performance"
    }
  }]
}
